allay\allay
armorstand\wood
axolotl\axolotl_blue
axolotl\axolotl_cyan
axolotl\axolotl_gold
axolotl\axolotl_lucy
axolotl\axolotl_wild
bat
bear\polarbear
bee\bee
bee\bee_angry
bee\bee_angry_nectar
bee\bee_nectar
bee\bee_stinger
blaze
cat\all_black
cat\black
cat\british_shorthair
cat\calico
cat\cat_collar
cat\jellie
cat\ocelot
cat\persian
cat\ragdoll
cat\red
cat\siamese
cat\tabby
cat\white
chicken
cow\brown_mooshroom
cow\cow
cow\red_mooshroom
creeper\creeper
creeper\creeper_armor
dolphin
enderman\enderman
endermite
fish\cod
fish\pufferfish
fish\pufferfish
fish\pufferfish
fish\salmon
fish\tropical_a
fish\tropical_b
fox\fox
fox\fox_sleep
fox\snow_fox
fox\snow_fox_sleep
frog\cold_frog
frog\temperate_frog
frog\warm_frog
ghast\ghast
ghast\ghast_shooting
goat\goat
guardian
guardian_elder
hoglin\hoglin
hoglin\zoglin
horse\donkey
horse\horse_black
horse\horse_brown
horse\horse_chestnut
horse\horse_creamy
horse\horse_darkbrown
horse\horse_gray
horse\horse_markings_blackdots
horse\horse_markings_white
horse\horse_markings_whitedots
horse\horse_markings_whitefield
horse\horse_skeleton
horse\horse_white
horse\horse_zombie
horse\mule
illager\evoker
illager\illusioner
illager\pillager
illager\ravager
illager\vex
illager\vex_charging
illager\vindicator
iron_golem\iron_golem
llama\brown
llama\creamy
llama\gray
llama\white
panda\aggressive_panda
panda\brown_panda
panda\lazy_panda
panda\panda
panda\playful_panda
panda\weak_panda
panda\worried_panda
parrot\parrot_blue
parrot\parrot_green
parrot\parrot_grey
parrot\parrot_red_blue
parrot\parrot_yellow_blue
phantom
pig\pig
piglin\piglin
piglin\piglin_brute
piglin\zombified_piglin
rabbit\black
rabbit\brown
rabbit\gold
rabbit\salt
rabbit\toast
rabbit\white
rabbit\white_splotched
sheep\sheep
sheep\sheep_fur
shulker\shulker
silverfish
skeleton\skeleton
skeleton\stray
skeleton\wither_skeleton
slime\magmacube
slime\slime
snow_golem
spider\cave_spider
spider\spider
squid\glow_squid
squid\squid
strider\strider
strider\strider_cold
tadpole\tadpole
turtle\big_sea_turtle
villager\profession\armorer
villager\profession\butcher
villager\profession\cartographer
villager\profession\cleric
villager\profession\farmer
villager\profession\fisherman
villager\profession\fletcher
villager\profession\leatherworker
villager\profession\librarian
villager\profession\mason
villager\profession\nitwit
villager\profession\shepherd
villager\profession\toolsmith
villager\profession\weaponsmith
villager\type\desert
villager\type\jungle
villager\type\plains
villager\type\savanna
villager\type\snow
villager\type\swamp
villager\type\taiga
wandering_trader
warden\warden
witch
wither\wither
wither\wither_armor
wither\wither_invulnerable
wolf\wolf
wolf\wolf_angry
wolf\wolf_collar
wolf\wolf_tame
zombie\drowned
zombie\husk
zombie\zombie
zombie_villager\profession\armorer
zombie_villager\profession\butcher
zombie_villager\profession\cartographer
zombie_villager\profession\cleric
zombie_villager\profession\farmer
zombie_villager\profession\fisherman
zombie_villager\profession\fletcher
zombie_villager\profession\leatherworker
zombie_villager\profession\librarian
zombie_villager\profession\mason
zombie_villager\profession\nitwit
zombie_villager\profession\shepherd
zombie_villager\profession\toolsmith
zombie_villager\profession\weaponsmith
zombie_villager\type\desert
zombie_villager\type\jungle
zombie_villager\type\plains
zombie_villager\type\savanna
zombie_villager\type\snow
zombie_villager\type\swamp
zombie_villager\type\taiga
zombie_villager\zombie_villager